,,,,,,,,,,,,,,,,,,,,
,,,,,,,,,,,,,,,,,,,,
,,,,,,,,,,,,,,,,,,,,
 页面 ,是否采用, 版本 ,One-liner,一句话概述,What You Get (1),你获得的内容 (1),What you get (2),你获得的内容 (2),Who it's for,适用对象,How to verify,如何验证,What we don't do,我们不做的事情,Primary CTA,主要CTA,Secondary CTA,次要CTA,,
 / ,, A ,"OwlSeer is an AI-powered TikTok content strategy platform—not just analytics, but your next step.",OwlSeer 是一个基于AI的TikTok内容策略平台——不仅仅是分析工具，更是你的下一步行动。,"Strategy direction, topic ideas, and scripts based on account/niche signals",基于账户/细分信号的战略方向、话题创意和脚本,"Every recommendation includes ""why"" (traceable to signals and templates)",每条推荐都包含“为什么”（可追溯到信号和模板）,Creators and brand accounts who want to systematically improve content performance,希望系统地提高内容表现的创作者和品牌账户,Enter Sample Dashboard without signup to see full outputs,无需注册即可进入样本仪表板查看完整输出,"No guaranteed virality, no auto-posting, no private data access",不保证病毒式传播、不自动发布、不访问私人数据,Try Sample Dashboard → /sample/dashboard,尝试样本仪表板 → /sample/dashboard,See the methodology → /how-it-works,查看方法论 → /how-it-works,,
 / ,T, B ,Stop guessing what to post—OwlSeer tells you what to do next on TikTok.,不再猜测该发布什么——OwlSeer 告诉你下一步该做什么。,Actionable content plan in under 3 minutes,在3分钟内提供可操作的内容计划,AI-generated scripts ready to shoot today,AI生成的脚本，今天就可以拍摄,Creators tired of random posting who want data-driven direction,厌倦随机发布、希望获得数据驱动方向的创作者,"Try our Sample Dashboard now—no signup, no credit card",现在尝试我们的样本仪表板——无需注册，无需信用卡,"No miracle promises, no auto-posting, no password required",不做奇迹承诺、不自动发布、不要求密码,See It In Action → /sample/dashboard,查看实际操作 → /sample/dashboard,How it works → /how-it-works,它是如何工作的 → /how-it-works,,
 / ,, C ,"The only TikTok tool that shows you ""why"" behind every recommendation.",唯一一个展示每条推荐背后“为什么”的TikTok工具。,"Transparent methodology: 30+ signals analyzed, reasoning explained",透明的方法论：分析了30多个信号，解释了推理过程,Sample mode: see full outputs before any signup,样本模式：在注册前查看完整输出,"Creators who don't trust ""black box"" AI tools",不信任“黑箱”AI工具的创作者,"Explore our Sample Dashboard—everything is visible, nothing hidden",探索我们的样本仪表板——一切可见，无任何隐藏,"No hidden algorithms, no vague promises, no data harvesting",不使用隐藏算法、不做模糊承诺、不进行数据收集,Start Free Preview → /sample/dashboard,开始免费预览 → /sample/dashboard,See our methodology → /how-it-works,查看我们的方式 → /how-it-works,,
 /how-it-works ,, A ,Transparent methodology—Connect → Analyze (30+ signals) → Synthesize (200+ templates) → Act.,透明的方法论——连接 → 分析（30+信号） → 合成（200+模板） → 执行。,"Full visibility into what you provide, what we analyze, and how we derive recommendations",完整查看您提供的内容，我们分析的内容以及我们如何得出推荐,30+ signals explained by category + how each influences strategy,按类别解释的30+个信号及其如何影响策略,"Users sensitive to ""AI black boxes"" who want to understand the reasoning",对“AI黑箱”敏感、希望理解推理过程的用户,Each step maps to a page/module in the Sample,每个步骤都对应样本中的一个页面/模块,"No hiding the reasoning, no ""magic promises"" replacing explanation",不隐藏推理过程、不用“魔法承诺”代替解释,Try Sample Dashboard → /sample/dashboard,尝试样本仪表板 → /sample/dashboard,Read FAQ → /faq,阅读常见问题 → /faq,,
 /how-it-works ,T, B ,See exactly how we turn your TikTok data into actionable strategy—no black boxes.,精确看到我们如何将你的TikTok数据转化为可操作的策略——没有黑箱操作。,Step-by-step breakdown: from your input to your content plan,逐步分解：从您的输入到内容计划,Every recommendation traceable to specific signals and templates,每条推荐都可追溯到特定的信号和模板,Anyone who wants to understand before they trust,希望在信任之前先了解的任何人,Walk through each step in our Sample Dashboard,在我们的样本仪表板中逐步浏览每个步骤,"No hidden logic, no unexplained suggestions, no false promises",不使用隐藏逻辑、不做没有解释的建议、不做虚假承诺,See It In Action → /sample/dashboard,查看实际操作 → /sample/dashboard,Common questions → /faq,常见问题 → /faq,,
 /how-it-works ,, C ,"Unlike other AI tools, we show our work—every signal, every template, every reason.",不像其他AI工具，我们展示我们的工作——每个信号，每个模板，每个理由。,"30+ data points we analyze, fully documented",我们分析的30多个数据点，完全记录,"200+ strategy templates, categorized by niche and stage",200多个策略模板，按细分领域和阶段分类,Skeptics who've been burned by vague AI promises before,曾因模糊的AI承诺而受伤的怀疑者,Explore the Sample and trace any recommendation back to its source,探索样本并追溯任何推荐的来源,"No ""trust us"" attitude, no hidden calculations, no mystery",不用“相信我们”态度、不做隐藏计算、不神秘化,Verify In Sample → /sample/dashboard,在样本中验证 → /sample/dashboard,See our limits → /faq#boundaries,查看我们的限制 → /faq#boundaries,,
 /sample/dashboard ,T, A ,"This is the full dashboard experience without login—see ""what you'll get"" using sample data.",这是完整的仪表板体验，无需登录——使用示例数据查看“你将获得的内容”。,"Complete information architecture: diagnosis, recommendations, scripts, calendar",完整的信息架构：诊断、建议、脚本、日历,Interactive exploration: verify for yourself instead of trusting our words,互动探索：自己验证，而不是仅仅相信我们的说法,People who want to decide in 3 minutes whether it's worth continuing,想在3分钟内决定是否值得继续的人,"After viewing ""Strategy overview + 3 scripts + 7-day calendar"" you can make a decision",查看“战略概述 + 3个脚本 + 7天日历”后，您可以做出决策,"Sample won't read your real account, no binding/password required",样本不会读取您的真实账户，不需要绑定/密码,Continue exploring → (stay in Sample),继续探索 → （停留在样本中）,Sign up to use your data → /signup,注册以使用您的数据 → /signup,,
 /sample/dashboard ,, B ,"You're looking at real outputs, not a marketing video—this is what you'll actually get.",你看到的是实际输出，而不是营销视频——这就是你将真正得到的内容。,Full strategy dashboard with sample creator data,完整的策略仪表板，包含示例创作者数据,Scripts you could shoot today (if this were your account),如果这是你的账户，你可以今天拍摄的脚本,Anyone who needs to see it to believe it,需要亲眼看到才能相信的任何人,Click through every section—nothing is locked or hidden,点击每个部分——没有任何内容被锁定或隐藏,"No teaser demos, no ""upgrade to see more,"" no bait-and-switch",不做预告演示、不做“升级查看更多”或诱导行为,Keep exploring → (navigate Sample),继续探索 → （导航样本）,Use my real account → /signup,使用我的真实账户 → /signup,,
 /sample/dashboard ,, C ,Most tools show you screenshots—we let you use the actual product.,大多数工具只给你截图——我们让你直接使用实际产品。,"Interactive dashboard, not a slideshow",互动仪表板，而非幻灯片展示,Real analysis logic running on sample data,基于样本数据运行的真实分析逻辑,People tired of signing up just to see if a tool is useful,厌倦了仅仅为了看看工具是否有用而注册的人,"Try generating a script, check the calendar, explore insights—it all works",尝试生成脚本，检查日历，探索洞察——一切正常,"No signup walls, no feature gates, no ""contact sales"" buttons",不设置注册墙、不做功能限制、不做“联系销售”按钮,Generate a script → /sample/content-studio,生成脚本 → /sample/content-studio,Ready for my data → /signup,准备好我的数据 → /signup,,
/pricing,T,A,Risk-free 7-day trial of our full platform—no long-term commitment required.,风险全无的 7 天全功能试用——无需长期合约。,7 days of unlimited access to strategy tools and scripts,7 天无限次访问策略工具和脚本,Clear tier-based pricing for after your trial ends,试用结束后清晰的层级定价,Serious creators ready to test OwlSeer with their own data,准备好用自己的数据测试 OwlSeer 的严肃创作者,Start your 7-day trial and see real-time recommendations,开启 7 天试用并查看实时推荐,No automatic billing until your trial period ends,试用期结束前不自动扣费,Start 7-Day Trial → /signup,开始 7 天免费试用 → /signup,Browse plans → #plans,浏览计划 → #plans,,
/pricing,,B,"Experience the full power of AI strategy for 7 days, free.",免费体验 7 天 AI 策略的全部力量。,Complete content plan and scripts within your first 7 days,在前 7 天内获得完整的内容计划和脚本,Data-driven insights to boost your next 10 videos,数据驱动的洞察，助力你接下来的 10 个视频,Creators who want to see results before spending a dime,希望在付费前看到实际效果的创作者,Use the tool daily for a week and measure your growth,连续使用一周并衡量你的增长,No limited features—get the full experience for 7 days,不限制功能——在 7 天内获得完整体验,Claim Free Trial → /signup,领取免费试用 → /signup,See success stories → /blog,查看成功案例 → /blog,,
/pricing,,C,"Test us for 7 days. If we don't change your TikTok game, don't pay.",测试我们 7 天。如果我们没能改变你的 TikTok 局面，就无需付费。,7-day pass to every single signal and template we offer,7 天通行证，访问我们提供的每一个信号和模板,"Simple, one-click cancellation if you're not satisfied",如果不满意，支持简单的一键取消,Users who value transparency and want to avoid bad investments,重视透明度、想避免错误投资的用户,Connect your account and compare our logic with your current results,连接账户并将我们的逻辑与你当前的结果进行对比,"No hidden fees, no complicated cancellation process",没有隐藏费用，没有复杂的取消流程,Try Free for 7 Days → /signup,免费试用 7 天 → /signup,Why choose us? → /how-it-works,为什么选择我们？ → /how-it-works,,
 /faq ,, A ,"Three types of questions answered at once—what's the output, how does it work, and what are the limits.",一次性回答三种问题——输出是什么，它是如何工作的，限制是什么。,"What data we analyze, do you need login/authorization, Sample vs real usage differences",我们分析的数据，是否需要登录/授权，样本与真实使用差异,"What we don't do: no guaranteed virality, no auto-posting, no private data reading",我们不做的事情：不保证病毒式传播、不自动发布、不读取私密数据,"People one step away from ""feeling safe"" to try",离“感觉安全”尝试一步之遥的人,Every key question includes clickable links to Sample/How it works/Pricing,每个关键问题都包含可点击的链接，指向样本/工作原理/定价,No avoiding sensitive questions (data/permissions/promises),不回避敏感问题（数据/权限/承诺）,Try Sample Dashboard → /sample/dashboard,尝试样本仪表板 → /sample/dashboard,See how it works → /how-it-works,查看它如何运作 → /how-it-works,,
 /faq ,T, B ,"Real answers to the questions you're actually thinking—privacy, promises, and proof.",对你真实思考的问题给出答案——隐私、承诺和证明。,Honest answers about what we can and can't do,诚实地回答我们能做和不能做的事情,Direct links to verify every claim,直接链接以验证每个声明,Anyone with doubts who wants straight answers,有疑虑、希望获得直截了当答案的任何人,"Each answer includes a ""Verify"" link to the relevant Sample page",每个答案都包含指向相关样本页面的“验证”链接,"No corporate-speak, no dodging hard questions, no fine print surprises",不做企业术语、不回避艰难问题、不做细则的意外,See for yourself → /sample/dashboard,自行查看 → /sample/dashboard,Still have questions? → /contact,还有问题？→ /contact,,
 /faq ,, C ,"We answer the questions other tools avoid—including ""what can go wrong.""",我们回答其他工具回避的问题——包括“可能出错的地方”。,Limitations section: what we don't do and why,限制部分：我们不做的事情及其原因,Privacy section: exactly what data we access (and don't),隐私部分：我们访问（和不访问）的数据具体内容,Skeptics who've read too many vague FAQ pages,看过太多模糊FAQ页面的怀疑者,"Every claim links to proof in Sample, Trust, or documentation",每个声明都链接到样本、信任或文档中的证据,"No ""contact support"" for basic questions, no hidden terms",不做“联系支持”以回答基础问题、不做隐藏条款,Verify in Sample → /sample/dashboard,在样本中验证 → /sample/dashboard,Read our boundaries → #boundaries,阅读我们的边界 → #boundaries,,
 /privacy ,, A ,"Privacy commitments in plain sight—you control your data, we only do necessary processing.",隐私承诺清晰可见——你掌控你的数据，我们只做必要的处理。,"What we collect, why, how long we keep it, how you can delete/export",我们收集什么，为什么，保存多长时间，以及如何删除/导出,In Sample mode: we don't touch your real account data,在样本模式下：我们不接触你的真实账户数据,Users/teams with clear data security requirements,有明确数据安全要求的用户/团队,Data flow diagram/table showing each step,数据流图/表格，展示每个步骤,"No password requests, no DM/private message access, no selling data",不要求密码、不访问DM/私人信息、不出售数据,Try Sample Dashboard → /sample/dashboard,尝试样本仪表板 → /sample/dashboard,Security overview → /security,安全概述 → /security,,
 /privacy ,, B ,"Your data stays yours—we analyze it, we don't own it.",你的数据仍然是你的——我们分析它，我们不拥有它。,Clear data handling policy in plain language,清晰的数据处理政策，以简明语言表达,One-click data export and deletion,一键导出和删除数据,Anyone who cares about where their data goes,关心数据去向的任何人,Try Sample mode first—we don't touch your real data until you connect,首先尝试样本模式——在您连接之前，我们不接触您的真实数据,"No data selling, no third-party sharing, no hidden collection",不出售数据、不与第三方共享、不隐秘收集数据,Try without connecting → /sample/dashboard,尝试不连接 → /sample/dashboard,Read security details → /security,阅读安全详情 → /security,,
 /privacy ,T, C ,"Unlike many AI tools, we tell you exactly what we access—and what we don't.",不像许多AI工具，我们清楚告诉你我们访问了什么——以及我们没有访问什么。,Explicit list of data points we use (and don't use),明确列出我们使用（及不使用）的数据点,Comparison with what competitors typically access,与竞争对手通常访问的内容进行对比,Privacy-conscious creators and compliance-focused teams,注重隐私的创作者和专注合规的团队,See our data flow diagram and compare with industry norms,查看我们的数据流图并与行业规范进行比较,"No vague ""we may collect"" language, no surprise permissions",不使用模糊的“我们可能会收集”语言、不做意外的权限请求,Explore without data → /sample/dashboard,无数据探索 → /sample/dashboard,Full security page → /security,完整的安全页面 → /security,,
 /security ,, A ,Security isn't a slogan—we use clear measures and limits to reduce risk surface.,安全不是口号——我们采取明确的措施和限制来减少风险面。,"Account security practices (no password storage, minimal permissions, access control)",账户安全实践（不存储密码，最小权限，访问控制）,Data protection and processing principles,数据保护和处理原则,"More cautious users/teams, partner evaluations",更加谨慎的用户/团队，合作伙伴评估,"""What we can/can't do"" written as a checklist of technical boundaries",“我们能做/不能做”写成技术边界的检查清单,"No overreach, no vague promises",不做过度承诺、不做模糊承诺,Try Sample Dashboard → /sample/dashboard,尝试样本仪表板 → /sample/dashboard,Read Privacy → /privacy,阅读隐私政策 → /privacy,,
 /security ,, B ,"We built security into the product, not bolted it on after—here's how.",我们将安全性内建于产品中，而非事后加上——这是方法。,No password storage: we use OAuth only,不存储密码：我们仅使用OAuth,Minimal permissions: we request only what's needed,最小权限：我们只请求所需的权限,Teams that need to justify tools to security reviewers,需要向安全审查员证明工具的团队,Our permissions checklist shows exactly what we request and why,我们的权限检查清单显示我们请求的内容及其原因,"No broad permission requests, no data retention beyond necessity",不做广泛的权限请求、不做超过必要的数据保存,Try risk-free in Sample → /sample/dashboard,在样本中尝试无风险体验 → /sample/dashboard,Privacy policy → /privacy,隐私政策 → /privacy,,
 /security ,, C ,We can't access what we don't request—see our minimal permission model.,我们无法访问我们没有请求的内容——请查看我们的最小权限模型。,Side-by-side: our permissions vs typical competitor permissions,对比：我们的权限与典型竞争对手的权限,Technical architecture overview for security teams,面向安全团队的技术架构概览,Enterprise evaluators and security-first individuals,企业评估人员和优先考虑安全的个人,Request our SOC 2 summary or schedule a security call,请求我们的SOC 2总结或安排安全电话会议,"No ""trust us"" without documentation, no hidden access",不做没有文档支持的“相信我们”承诺、不做隐藏访问,Explore Sample (no permissions needed) → /sample/dashboard,探索样本（无需权限） → /sample/dashboard,Contact security team → /contact,联系安全团队 → /contact,,
 /trust ,T, A ,Numbers you can verify—here's how we calculate and what the limits are.,你可以验证的数字——这里是我们如何计算及其限制。,"Metric definitions: 30+ signals, analysis time, sample coverage",指标定义：30+信号，分析时间，样本覆盖,Calculation methods: how each number is derived,计算方法：每个数字是如何得出的,Users who want to fact-check our claims,希望核实我们声明的用户,Each metric links to where you can see it in action,每个指标链接到您可以看到其实际应用的地方,"No unverifiable claims, no vanity metrics without context",不做无法验证的声明、不做没有上下文的虚荣指标,See metrics in Sample → /sample/dashboard,查看样本中的指标 → /sample/dashboard,Read methodology → /how-it-works,阅读方法论 → /how-it-works,,
 /trust ,, B ,We show our math—every number on our site is backed by a clear definition.,我们展示我们的计算——网站上的每个数字都有清晰的定义。,"""30+ signals"" explained: what they are, why they matter",“30+信号”解释：它们是什么，为什么重要,"""Analysis time"" defined: what's included, what affects it",“分析时间”定义：包含的内容和影响因素,Anyone who's skeptical of marketing numbers,怀疑营销数字的任何人,Click any metric to see its full definition and verification path,点击任何指标查看其完整定义和验证路径,"No made-up statistics, no ""up to"" exaggerations, no fine print",不做虚构统计、不做“最多”夸大、不做细则中的内容,Verify in Sample → /sample/dashboard,在样本中验证 → /sample/dashboard,See full methodology → /how-it-works,查看完整的方法论 → /how-it-works,,
 /trust ,, C ,Most tools claim big numbers—we show you how to check ours.,大多数工具声称大数字——我们展示你如何检查我们的数据。,Every metric with definition + calculation + data source + limits,每个指标的定义 + 计算 + 数据源 + 限制,Comparison notes: how our metrics differ from industry claims,比较说明：我们的指标与行业声明的不同,Data-literate users who don't take claims at face value,具备数据素养、不会轻信声明的用户,"Each metric card includes a ""Verify"" button linking to Sample",每个指标卡片都包含一个“验证”按钮，链接到样本,"No inflated numbers, no ""industry-leading"" without proof",不做夸大的数字、不做“行业领先”而没有证明,Check for yourself → /sample/dashboard,自行检查 → /sample/dashboard,Compare with alternatives → /compare,与其他选择进行比较 → /compare,,
 /sample ,, A ,Full dashboard experience without login—navigate all features using sample creator data.,完整的仪表板体验，无需登录——使用样本创作者数据浏览所有功能。,"Dashboard, Account Intelligence, Trend Radar, Content Library, Studio, Calendar, Conversations",仪表板，账户智能，趋势雷达，内容库，工作室，日历，交流,"Everything works—generate scripts, explore trends, check schedules",一切正常——生成脚本、探索趋势、检查时间表,Anyone who wants to evaluate before committing,希望在承诺之前进行评估的任何人,Click any module below to start exploring,点击下面的任何模块开始探索,Sample doesn't access your real account—that requires signup,样本不访问您的真实账户——这需要注册,Enter Sample Dashboard → /sample/dashboard,进入样本仪表板 → /sample/dashboard,See Pricing → /pricing,查看定价 → /pricing,,
 /sample ,, B ,This is the real product—explore it completely free with demo data.,这是真正的产品——使用演示数据完全免费探索。,7 fully functional modules to explore,7个功能完善的模块供探索,Sample creator account with realistic data,具有真实数据的样本创作者账户,"Anyone who needs to ""try before they buy""",需要“试用后购买”的任何人,Spend 3 minutes in Sample—you'll know if it's right for you,在样本中花费3分钟——您将知道它是否适合您,"No signup required, no credit card, no sales calls",无需注册、不需要信用卡、不打销售电话,Start Exploring → /sample/dashboard,开始探索 → /sample/dashboard,Ready to use my data → /signup,准备好使用我的数据 → /signup,,
 /sample ,, C ,"Unlike demo videos or screenshots, Sample is the actual product—running live.",不同于演示视频或截图，样本是真正的产品——实时运行。,"Interactive experience, not a presentation",互动体验，而非展示,"Real analysis engine, just with sample data",真实的分析引擎，仅使用样本数据,People who don't trust marketing materials,不信任营销材料的人,"Generate a script, check the calendar, trace a recommendation—it all works",生成脚本，检查日历，追溯推荐——一切正常,"No ""request demo"" gatekeeping, no sales qualification",不做“请求演示”关卡、不做销售资格筛选,Try It Now → /sample/dashboard,立即尝试 → /sample/dashboard,What's the difference with real? → #simulated-vs-real,与真实情况有什么不同？→ #simulated-vs-real,,
 /compare ,, A ,Honest comparisons—see how OwlSeer differs from alternatives.,诚实的对比——查看OwlSeer与其他产品的不同。,Side-by-side feature tables,对比功能表,"Clear ""best for"" recommendations",清晰的“最适合”推荐,Users evaluating multiple tools,正在评估多个工具的用户,Every comparison point links to where you can check it,每个比较点都链接到您可以查看的地方,"No FUD about competitors, no cherry-picked comparisons",不做关于竞争对手的恐惧、不做精挑细选的对比,Try Sample Dashboard → /sample/dashboard,尝试样本仪表板 → /sample/dashboard,Choose a comparison → (list below),选择比较 → （见下方列表）,,
 /compare ,T, B ,Not sure if OwlSeer is right for you? See how we compare to what you're using now.,不确定OwlSeer是否适合你？查看我们与您当前使用的产品对比。,vs TikTok Analytics: what we add that native doesn't have,与TikTok分析对比：我们增加了原生没有的内容,vs Content Calendars: why strategy matters more than scheduling,与内容日历的对比：为什么战略比调度更重要,Anyone weighing options,在权衡选择的任何人,"Each comparison includes ""Try both"" recommendations",每个比较都包括“尝试两者”的推荐,"No unfair comparisons, no ""we're better at everything"" claims",不做不公平的比较、不做“我们在一切方面都更好”的声明,See it yourself → /sample/dashboard,自行查看 → /sample/dashboard,Pick a comparison below,选择下面的比较,,
 /compare ,, C ,We'll tell you when a competitor might be better—and when we're the right choice.,我们会告诉你何时竞争对手可能更好——以及何时我们是正确的选择。,Honest assessment of where we excel and where we don't,诚实地评估我们擅长的地方与不足之处,"Decision guides: ""Choose us if... Choose them if...""",决策指南：“如果...选择我们，如果...选择他们”,Decision-makers who appreciate honesty over hype,重视诚实而非炒作的决策者,"Try our Sample and the competitor's trial, then decide",尝试我们的样本和竞争对手的试用版，然后做出决定,"No competitor bashing, no misleading feature counts",不做竞争对手抨击、不做误导性功能统计,Verify our claims → /sample/dashboard,验证我们的声明 → /sample/dashboard,Read a comparison,阅读比较,,
 /contact ,T, A ,"Tell us your goal, we'll suggest the shortest path.",告诉我们你的目标，我们将建议最短路径。,Direct line to support team,直接联系支持团队,Response within 24 hours,24小时内回复,Users who need human assistance,需要人工帮助的用户,Try Sample first—you might find your answer without waiting,先试用样本——您可能会在不等待的情况下找到答案,"No chatbots pretending to be humans, no upsell pressure",不做伪装成人类的聊天机器人、不做追加销售压力,Try Sample first → /sample/dashboard,先尝试样本 → /sample/dashboard,Send us a message → (form),给我们发送信息 → （表单）,,
 /contact ,, B ,"Real humans, real answers—but try Sample first, you might not need us.",真实的人，真实的答案——但先尝试样本，可能你不需要我们的帮助。,Actual support from people who use the product,来自使用该产品的人的实际支持,"No sales pressure, just help",没有销售压力，只有帮助,Anyone with questions that Sample/FAQ didn't answer,任何有样本/FAQ未解答问题的人,Check our FAQ first—we've answered most common questions there,首先查看我们的FAQ——我们已回答了大多数常见问题,"No automated runaround, no ""premium support only"" tiers",不做自动化推诿、不做“仅限高级支持”层级,Check FAQ first → /faq,首先查看常见问题 → /faq,Still need help? → (form),还需要帮助吗？→ （表单）,,
 /contact ,, C ,"No gatekeeping—reach our team directly, whether you're paying or not.",没有门槛——无论你是否付费，都可以直接联系到我们的团队。,Same support for free and paid users,免费用户和付费用户享受相同支持,"Direct email, no ticket systems",直接通过邮件联系，无需使用工单系统,Anyone who values accessible support,重视可访问支持的任何人,"Send us a question, see how fast we respond",给我们发送问题，看看我们响应的速度,"No ""upgrade for support"" pressure, no outsourced responses",不做“升级以获得支持”压力、不外包回应,Maybe FAQ has it → /faq,常见问题中可能有答案 → /faq,Email us → (form),发送邮件给我们 → （表单）,,
 /blog ,, A ,TikTok growth methodology made public—actionable strategies even without our product.,TikTok增长方法公开——即使没有我们的产品，依然可以实施可操作的策略。,Strategy guides based on real data,基于真实数据的策略指南,Trend analysis and platform updates,趋势分析和平台更新,"Creators who want to learn, not just use tools",想学习而不仅仅是使用工具的创作者,"Apply our free advice, see if it works for you",采纳我们的免费建议，看看是否适合您,"No fluff content, no keyword-stuffed SEO articles",不做空洞内容、不做关键词堆砌的SEO文章,Try Sample Dashboard → /sample/dashboard,尝试样本仪表板 → /sample/dashboard,Browse articles → (below),浏览文章 → （下方）,,
 /blog ,T, B ,"Free content strategy advice—no catch, no paywall, just useful information.",免费的内容策略建议——没有陷阱，没有付费墙，只有有用的信息。,Practical TikTok tips you can use today,你今天可以使用的实用TikTok技巧,Data-backed insights from our analysis,来自我们分析的基于数据的洞察,Anyone trying to improve their TikTok presence,想提高TikTok存在感的任何人,"Read an article, try the advice, measure your results",阅读文章，尝试建议，衡量结果,"No ""sign up to read more"" gates, no fluffy listicles",不做“注册以查看更多”的限制、不做空洞的列表,See OwlSeer in action → /sample/dashboard,查看OwlSeer的实际操作 → /sample/dashboard,Read our latest →,阅读我们的最新内容 →,,
 /blog ,, C ,We share our methodology for free—because good advice shouldn't require a subscription.,我们免费分享我们的策略——因为好的建议不应需要订阅。,The same insights we use to build OwlSeer,我们用来构建OwlSeer的相同洞察力,No registration required to read anything,无需注册即可阅读任何内容,Creators who appreciate transparency,重视透明度的创作者,Our blog advice works whether you use OwlSeer or not,我们的博客建议适用于是否使用OwlSeer,"No content gates, no ""exclusive insights"" upsells",不做内容限制、不做“独家见解”的追加销售,Try the product → /sample/dashboard,尝试产品 → /sample/dashboard,Start reading →,开始阅读 →,,